Summary,Issue key,Issue id,Issue Type,Status,Project key,Project name,Project type,Project lead,Project lead id,Project description,Priority,Resolution,Assignee,Assignee Id,Reporter,Reporter Id,Creator,Creator Id,Created,Updated,Last Viewed,Resolved,Due date,Votes,Description,Environment,Watchers,Watchers Id,Original estimate,Remaining Estimate,Time Spent,Work Ratio,Σ Original Estimate,Σ Remaining Estimate,Σ Time Spent,Security Level,Custom field (Development),Custom field (Issue color),Custom field (Rank),Sprint,Custom field (Start date),Custom field (Story point estimate),Custom field (Team),Custom field (Vulnerability),Parent,Parent key,Parent summary,Status Category,Status Category Changed
Prepare release version,SCRUM-84,10162,Subtask,To Do,SCRUM,CTS v1.0 - SCRUM,software,Maria Mashura,712020:908fe8f9-ee75-4548-a54d-e70f424735f9,Your first project,Medium,,Maria Mashura,712020:908fe8f9-ee75-4548-a54d-e70f424735f9,Maria Mashura,712020:908fe8f9-ee75-4548-a54d-e70f424735f9,Maria Mashura,712020:908fe8f9-ee75-4548-a54d-e70f424735f9,05/Dec/25 4:43 PM,05/Dec/25 4:44 PM,,,,0,,,Maria Mashura,712020:908fe8f9-ee75-4548-a54d-e70f424735f9,,,,,,,,,{},,0|i000i7:,CTS v 1.0,,,,,10032,SCRUM-19,Documentation and release,To Do,05/Dec/25 4:43 PM
Write installation instructions,SCRUM-83,10160,Subtask,To Do,SCRUM,CTS v1.0 - SCRUM,software,Maria Mashura,712020:908fe8f9-ee75-4548-a54d-e70f424735f9,Your first project,Medium,,Maria Mashura,712020:908fe8f9-ee75-4548-a54d-e70f424735f9,Maria Mashura,712020:908fe8f9-ee75-4548-a54d-e70f424735f9,Maria Mashura,712020:908fe8f9-ee75-4548-a54d-e70f424735f9,05/Dec/25 4:43 PM,05/Dec/25 4:44 PM,,,,0,,,Maria Mashura,712020:908fe8f9-ee75-4548-a54d-e70f424735f9,,,,,,,,,{},,0|i000hz:,CTS v 1.0,,,,,10032,SCRUM-19,Documentation and release,To Do,05/Dec/25 4:43 PM
Add architecture diagram,SCRUM-82,10158,Subtask,To Do,SCRUM,CTS v1.0 - SCRUM,software,Maria Mashura,712020:908fe8f9-ee75-4548-a54d-e70f424735f9,Your first project,Medium,,Maria Mashura,712020:908fe8f9-ee75-4548-a54d-e70f424735f9,Maria Mashura,712020:908fe8f9-ee75-4548-a54d-e70f424735f9,Maria Mashura,712020:908fe8f9-ee75-4548-a54d-e70f424735f9,05/Dec/25 4:43 PM,05/Dec/25 4:44 PM,,,,0,,,Maria Mashura,712020:908fe8f9-ee75-4548-a54d-e70f424735f9,,,,,,,,,{},,0|i000hr:,CTS v 1.0,,,,,10032,SCRUM-19,Documentation and release,To Do,05/Dec/25 4:43 PM
Write README,SCRUM-81,10156,Subtask,To Do,SCRUM,CTS v1.0 - SCRUM,software,Maria Mashura,712020:908fe8f9-ee75-4548-a54d-e70f424735f9,Your first project,Medium,,Maria Mashura,712020:908fe8f9-ee75-4548-a54d-e70f424735f9,Maria Mashura,712020:908fe8f9-ee75-4548-a54d-e70f424735f9,Maria Mashura,712020:908fe8f9-ee75-4548-a54d-e70f424735f9,05/Dec/25 4:43 PM,05/Dec/25 4:44 PM,,,,0,,,Maria Mashura,712020:908fe8f9-ee75-4548-a54d-e70f424735f9,,,,,,,,,{},,0|i000hj:,CTS v 1.0,,,,,10032,SCRUM-19,Documentation and release,To Do,05/Dec/25 4:43 PM
Integration test: full data flow,SCRUM-80,10154,Subtask,To Do,SCRUM,CTS v1.0 - SCRUM,software,Maria Mashura,712020:908fe8f9-ee75-4548-a54d-e70f424735f9,Your first project,Medium,,Maria Mashura,712020:908fe8f9-ee75-4548-a54d-e70f424735f9,Maria Mashura,712020:908fe8f9-ee75-4548-a54d-e70f424735f9,Maria Mashura,712020:908fe8f9-ee75-4548-a54d-e70f424735f9,05/Dec/25 4:42 PM,05/Dec/25 4:42 PM,,,,0,,,Maria Mashura,712020:908fe8f9-ee75-4548-a54d-e70f424735f9,,,,,,,,,{},,0|i000hb:,CTS v 1.0,,,,,10030,SCRUM-18,Testing,To Do,05/Dec/25 4:42 PM
Frontend display tests,SCRUM-79,10152,Subtask,To Do,SCRUM,CTS v1.0 - SCRUM,software,Maria Mashura,712020:908fe8f9-ee75-4548-a54d-e70f424735f9,Your first project,Medium,,Maria Mashura,712020:908fe8f9-ee75-4548-a54d-e70f424735f9,Maria Mashura,712020:908fe8f9-ee75-4548-a54d-e70f424735f9,Maria Mashura,712020:908fe8f9-ee75-4548-a54d-e70f424735f9,05/Dec/25 4:41 PM,05/Dec/25 4:42 PM,,,,0,,,Maria Mashura,712020:908fe8f9-ee75-4548-a54d-e70f424735f9,,,,,,,,,{},,0|i000h3:,CTS v 1.0,,,,,10030,SCRUM-18,Testing,To Do,05/Dec/25 4:41 PM
API endpoint tests,SCRUM-78,10150,Subtask,To Do,SCRUM,CTS v1.0 - SCRUM,software,Maria Mashura,712020:908fe8f9-ee75-4548-a54d-e70f424735f9,Your first project,Medium,,Maria Mashura,712020:908fe8f9-ee75-4548-a54d-e70f424735f9,Maria Mashura,712020:908fe8f9-ee75-4548-a54d-e70f424735f9,Maria Mashura,712020:908fe8f9-ee75-4548-a54d-e70f424735f9,05/Dec/25 4:41 PM,05/Dec/25 4:42 PM,,,,0,,,Maria Mashura,712020:908fe8f9-ee75-4548-a54d-e70f424735f9,,,,,,,,,{},,0|i000gv:,CTS v 1.0,,,,,10030,SCRUM-18,Testing,To Do,05/Dec/25 4:41 PM
Unit tests for collectors,SCRUM-77,10148,Subtask,To Do,SCRUM,CTS v1.0 - SCRUM,software,Maria Mashura,712020:908fe8f9-ee75-4548-a54d-e70f424735f9,Your first project,Medium,,Maria Mashura,712020:908fe8f9-ee75-4548-a54d-e70f424735f9,Maria Mashura,712020:908fe8f9-ee75-4548-a54d-e70f424735f9,Maria Mashura,712020:908fe8f9-ee75-4548-a54d-e70f424735f9,05/Dec/25 4:41 PM,05/Dec/25 4:42 PM,,,,0,,,Maria Mashura,712020:908fe8f9-ee75-4548-a54d-e70f424735f9,,,,,,,,,{},,0|i000gn:,CTS v 1.0,,,,,10030,SCRUM-18,Testing,To Do,05/Dec/25 4:41 PM
Write basic error tests,SCRUM-76,10146,Subtask,To Do,SCRUM,CTS v1.0 - SCRUM,software,Maria Mashura,712020:908fe8f9-ee75-4548-a54d-e70f424735f9,Your first project,Medium,,Maria Mashura,712020:908fe8f9-ee75-4548-a54d-e70f424735f9,Maria Mashura,712020:908fe8f9-ee75-4548-a54d-e70f424735f9,Maria Mashura,712020:908fe8f9-ee75-4548-a54d-e70f424735f9,05/Dec/25 4:40 PM,05/Dec/25 4:41 PM,,,,0,,,Maria Mashura,712020:908fe8f9-ee75-4548-a54d-e70f424735f9,,,,,,,,,{},,0|i000gf:,CTS v 1.0,,,,,10028,SCRUM-17,Implement error handling,To Do,05/Dec/25 4:40 PM
Handle parsing failures,SCRUM-75,10144,Subtask,To Do,SCRUM,CTS v1.0 - SCRUM,software,Maria Mashura,712020:908fe8f9-ee75-4548-a54d-e70f424735f9,Your first project,Medium,,Maria Mashura,712020:908fe8f9-ee75-4548-a54d-e70f424735f9,Maria Mashura,712020:908fe8f9-ee75-4548-a54d-e70f424735f9,Maria Mashura,712020:908fe8f9-ee75-4548-a54d-e70f424735f9,05/Dec/25 4:40 PM,05/Dec/25 4:41 PM,,,,0,,,Maria Mashura,712020:908fe8f9-ee75-4548-a54d-e70f424735f9,,,,,,,,,{},,0|i000g7:,CTS v 1.0,,,,,10028,SCRUM-17,Implement error handling,To Do,05/Dec/25 4:40 PM
Handle missing bank data,SCRUM-74,10142,Subtask,To Do,SCRUM,CTS v1.0 - SCRUM,software,Maria Mashura,712020:908fe8f9-ee75-4548-a54d-e70f424735f9,Your first project,Medium,,Maria Mashura,712020:908fe8f9-ee75-4548-a54d-e70f424735f9,Maria Mashura,712020:908fe8f9-ee75-4548-a54d-e70f424735f9,Maria Mashura,712020:908fe8f9-ee75-4548-a54d-e70f424735f9,05/Dec/25 4:40 PM,05/Dec/25 4:41 PM,,,,0,,,Maria Mashura,712020:908fe8f9-ee75-4548-a54d-e70f424735f9,,,,,,,,,{},,0|i000fz:,CTS v 1.0,,,,,10028,SCRUM-17,Implement error handling,To Do,05/Dec/25 4:40 PM
Add loggers to backend,SCRUM-73,10140,Subtask,To Do,SCRUM,CTS v1.0 - SCRUM,software,Maria Mashura,712020:908fe8f9-ee75-4548-a54d-e70f424735f9,Your first project,Medium,,Maria Mashura,712020:908fe8f9-ee75-4548-a54d-e70f424735f9,Maria Mashura,712020:908fe8f9-ee75-4548-a54d-e70f424735f9,Maria Mashura,712020:908fe8f9-ee75-4548-a54d-e70f424735f9,05/Dec/25 4:40 PM,05/Dec/25 4:41 PM,,,,0,,,Maria Mashura,712020:908fe8f9-ee75-4548-a54d-e70f424735f9,,,,,,,,,{},,0|i000fr:,CTS v 1.0,,,,,10028,SCRUM-17,Implement error handling,To Do,05/Dec/25 4:40 PM
Test UI in browser,SCRUM-72,10138,Subtask,To Do,SCRUM,CTS v1.0 - SCRUM,software,Maria Mashura,712020:908fe8f9-ee75-4548-a54d-e70f424735f9,Your first project,Medium,,Maria Mashura,712020:908fe8f9-ee75-4548-a54d-e70f424735f9,Maria Mashura,712020:908fe8f9-ee75-4548-a54d-e70f424735f9,Maria Mashura,712020:908fe8f9-ee75-4548-a54d-e70f424735f9,05/Dec/25 4:39 PM,05/Dec/25 4:39 PM,,,,0,,,Maria Mashura,712020:908fe8f9-ee75-4548-a54d-e70f424735f9,,,,,,,,,{},,0|i000fj:,CTS v 1.0,,,,,10026,SCRUM-16,Develop frontend UI,To Do,05/Dec/25 4:39 PM
Add responsive design,SCRUM-71,10136,Subtask,To Do,SCRUM,CTS v1.0 - SCRUM,software,Maria Mashura,712020:908fe8f9-ee75-4548-a54d-e70f424735f9,Your first project,Medium,,Maria Mashura,712020:908fe8f9-ee75-4548-a54d-e70f424735f9,Maria Mashura,712020:908fe8f9-ee75-4548-a54d-e70f424735f9,Maria Mashura,712020:908fe8f9-ee75-4548-a54d-e70f424735f9,05/Dec/25 4:39 PM,05/Dec/25 4:39 PM,,,,0,,,Maria Mashura,712020:908fe8f9-ee75-4548-a54d-e70f424735f9,,,,,,,,,{},,0|i000fb:,CTS v 1.0,,,,,10026,SCRUM-16,Develop frontend UI,To Do,05/Dec/25 4:39 PM
Create table layout,SCRUM-70,10134,Subtask,To Do,SCRUM,CTS v1.0 - SCRUM,software,Maria Mashura,712020:908fe8f9-ee75-4548-a54d-e70f424735f9,Your first project,Medium,,Maria Mashura,712020:908fe8f9-ee75-4548-a54d-e70f424735f9,Maria Mashura,712020:908fe8f9-ee75-4548-a54d-e70f424735f9,Maria Mashura,712020:908fe8f9-ee75-4548-a54d-e70f424735f9,05/Dec/25 4:39 PM,05/Dec/25 4:39 PM,,,,0,,,Maria Mashura,712020:908fe8f9-ee75-4548-a54d-e70f424735f9,,,,,,,,,{},,0|i000f3:,CTS v 1.0,,,,,10026,SCRUM-16,Develop frontend UI,To Do,05/Dec/25 4:39 PM
Implement JS fetch from API,SCRUM-69,10132,Subtask,To Do,SCRUM,CTS v1.0 - SCRUM,software,Maria Mashura,712020:908fe8f9-ee75-4548-a54d-e70f424735f9,Your first project,Medium,,Maria Mashura,712020:908fe8f9-ee75-4548-a54d-e70f424735f9,Maria Mashura,712020:908fe8f9-ee75-4548-a54d-e70f424735f9,Maria Mashura,712020:908fe8f9-ee75-4548-a54d-e70f424735f9,05/Dec/25 4:38 PM,05/Dec/25 4:39 PM,,,,0,,,Maria Mashura,712020:908fe8f9-ee75-4548-a54d-e70f424735f9,,,,,,,,,{},,0|i000ev:,CTS v 1.0,,,,,10026,SCRUM-16,Develop frontend UI,To Do,05/Dec/25 4:38 PM
Add Tailwind styling,SCRUM-68,10130,Subtask,To Do,SCRUM,CTS v1.0 - SCRUM,software,Maria Mashura,712020:908fe8f9-ee75-4548-a54d-e70f424735f9,Your first project,Medium,,Maria Mashura,712020:908fe8f9-ee75-4548-a54d-e70f424735f9,Maria Mashura,712020:908fe8f9-ee75-4548-a54d-e70f424735f9,Maria Mashura,712020:908fe8f9-ee75-4548-a54d-e70f424735f9,05/Dec/25 4:38 PM,05/Dec/25 4:39 PM,,,,0,,,Maria Mashura,712020:908fe8f9-ee75-4548-a54d-e70f424735f9,,,,,,,,,{},,0|i000en:,CTS v 1.0,,,,,10026,SCRUM-16,Develop frontend UI,To Do,05/Dec/25 4:38 PM
Create HTML template,SCRUM-67,10128,Subtask,To Do,SCRUM,CTS v1.0 - SCRUM,software,Maria Mashura,712020:908fe8f9-ee75-4548-a54d-e70f424735f9,Your first project,Medium,,Maria Mashura,712020:908fe8f9-ee75-4548-a54d-e70f424735f9,Maria Mashura,712020:908fe8f9-ee75-4548-a54d-e70f424735f9,Maria Mashura,712020:908fe8f9-ee75-4548-a54d-e70f424735f9,05/Dec/25 4:38 PM,05/Dec/25 4:39 PM,,,,0,,,Maria Mashura,712020:908fe8f9-ee75-4548-a54d-e70f424735f9,,,,,,,,,{},,0|i000ef:,CTS v 1.0,,,,,10026,SCRUM-16,Develop frontend UI,To Do,05/Dec/25 4:38 PM
Write basic tests,SCRUM-66,10126,Subtask,To Do,SCRUM,CTS v1.0 - SCRUM,software,Maria Mashura,712020:908fe8f9-ee75-4548-a54d-e70f424735f9,Your first project,Medium,,Maria Mashura,712020:908fe8f9-ee75-4548-a54d-e70f424735f9,Maria Mashura,712020:908fe8f9-ee75-4548-a54d-e70f424735f9,Maria Mashura,712020:908fe8f9-ee75-4548-a54d-e70f424735f9,05/Dec/25 4:37 PM,05/Dec/25 4:37 PM,,,,0,,,Maria Mashura,712020:908fe8f9-ee75-4548-a54d-e70f424735f9,,,,,,,,,{},,0|i000e7:,CTS v 1.0,,,,,10024,SCRUM-15,Develop API endpoints,To Do,05/Dec/25 4:37 PM
Add validation,SCRUM-65,10124,Subtask,To Do,SCRUM,CTS v1.0 - SCRUM,software,Maria Mashura,712020:908fe8f9-ee75-4548-a54d-e70f424735f9,Your first project,Medium,,Maria Mashura,712020:908fe8f9-ee75-4548-a54d-e70f424735f9,Maria Mashura,712020:908fe8f9-ee75-4548-a54d-e70f424735f9,Maria Mashura,712020:908fe8f9-ee75-4548-a54d-e70f424735f9,05/Dec/25 4:35 PM,05/Dec/25 4:36 PM,,,,0,,,Maria Mashura,712020:908fe8f9-ee75-4548-a54d-e70f424735f9,,,,,,,,,{},,0|i0004j:,CTS v 1.0,,,,,10024,SCRUM-15,Develop API endpoints,To Do,05/Dec/25 4:35 PM
Test scheduling,SCRUM-64,10122,Subtask,To Do,SCRUM,CTS v1.0 - SCRUM,software,Maria Mashura,712020:908fe8f9-ee75-4548-a54d-e70f424735f9,Your first project,Medium,,Maria Mashura,712020:908fe8f9-ee75-4548-a54d-e70f424735f9,Maria Mashura,712020:908fe8f9-ee75-4548-a54d-e70f424735f9,Maria Mashura,712020:908fe8f9-ee75-4548-a54d-e70f424735f9,05/Dec/25 4:35 PM,05/Dec/25 4:35 PM,,,,0,,,Maria Mashura,712020:908fe8f9-ee75-4548-a54d-e70f424735f9,,,,,,,,,{},,0|i000dz:,CTS v 1.0,,,,,10022,SCRUM-14,Implement scheduler,To Do,05/Dec/25 4:35 PM
Integrate with collectors,SCRUM-63,10120,Subtask,To Do,SCRUM,CTS v1.0 - SCRUM,software,Maria Mashura,712020:908fe8f9-ee75-4548-a54d-e70f424735f9,Your first project,Medium,,Maria Mashura,712020:908fe8f9-ee75-4548-a54d-e70f424735f9,Maria Mashura,712020:908fe8f9-ee75-4548-a54d-e70f424735f9,Maria Mashura,712020:908fe8f9-ee75-4548-a54d-e70f424735f9,05/Dec/25 4:34 PM,05/Dec/25 4:35 PM,,,,0,,,Maria Mashura,712020:908fe8f9-ee75-4548-a54d-e70f424735f9,,,,,,,,,{},,0|i000dr:,CTS v 1.0,,,,,10022,SCRUM-14,Implement scheduler,To Do,05/Dec/25 4:34 PM
Create daily job,SCRUM-62,10118,Subtask,To Do,SCRUM,CTS v1.0 - SCRUM,software,Maria Mashura,712020:908fe8f9-ee75-4548-a54d-e70f424735f9,Your first project,Medium,,Maria Mashura,712020:908fe8f9-ee75-4548-a54d-e70f424735f9,Maria Mashura,712020:908fe8f9-ee75-4548-a54d-e70f424735f9,Maria Mashura,712020:908fe8f9-ee75-4548-a54d-e70f424735f9,05/Dec/25 4:34 PM,05/Dec/25 4:35 PM,,,,0,,,Maria Mashura,712020:908fe8f9-ee75-4548-a54d-e70f424735f9,,,,,,,,,{},,0|i000dj:,CTS v 1.0,,,,,10022,SCRUM-14,Implement scheduler,To Do,05/Dec/25 4:34 PM
Install APScheduler,SCRUM-61,10116,Subtask,To Do,SCRUM,CTS v1.0 - SCRUM,software,Maria Mashura,712020:908fe8f9-ee75-4548-a54d-e70f424735f9,Your first project,Medium,,Maria Mashura,712020:908fe8f9-ee75-4548-a54d-e70f424735f9,Maria Mashura,712020:908fe8f9-ee75-4548-a54d-e70f424735f9,Maria Mashura,712020:908fe8f9-ee75-4548-a54d-e70f424735f9,05/Dec/25 4:34 PM,05/Dec/25 4:35 PM,,,,0,,,Maria Mashura,712020:908fe8f9-ee75-4548-a54d-e70f424735f9,,,,,,,,,{},,0|i000db:,CTS v 1.0,,,,,10022,SCRUM-14,Implement scheduler,To Do,05/Dec/25 4:34 PM
Unit testing,SCRUM-60,10114,Subtask,To Do,SCRUM,CTS v1.0 - SCRUM,software,Maria Mashura,712020:908fe8f9-ee75-4548-a54d-e70f424735f9,Your first project,Medium,,Maria Mashura,712020:908fe8f9-ee75-4548-a54d-e70f424735f9,Maria Mashura,712020:908fe8f9-ee75-4548-a54d-e70f424735f9,Maria Mashura,712020:908fe8f9-ee75-4548-a54d-e70f424735f9,05/Dec/25 4:33 PM,05/Dec/25 4:33 PM,,,,0,,,Maria Mashura,712020:908fe8f9-ee75-4548-a54d-e70f424735f9,,,,,,,,,{},,0|i000d3:,CTS v 1.0,,,,,10020,SCRUM-13,Implement Raiffeisen Bank data collector,To Do,05/Dec/25 4:33 PM
Error logs,SCRUM-59,10112,Subtask,To Do,SCRUM,CTS v1.0 - SCRUM,software,Maria Mashura,712020:908fe8f9-ee75-4548-a54d-e70f424735f9,Your first project,Medium,,Maria Mashura,712020:908fe8f9-ee75-4548-a54d-e70f424735f9,Maria Mashura,712020:908fe8f9-ee75-4548-a54d-e70f424735f9,Maria Mashura,712020:908fe8f9-ee75-4548-a54d-e70f424735f9,05/Dec/25 4:33 PM,05/Dec/25 4:33 PM,,,,0,,,Maria Mashura,712020:908fe8f9-ee75-4548-a54d-e70f424735f9,,,,,,,,,{},,0|i000cv:,CTS v 1.0,,,,,10020,SCRUM-13,Implement Raiffeisen Bank data collector,To Do,05/Dec/25 4:33 PM
Save to DB,SCRUM-58,10110,Subtask,To Do,SCRUM,CTS v1.0 - SCRUM,software,Maria Mashura,712020:908fe8f9-ee75-4548-a54d-e70f424735f9,Your first project,Medium,,Maria Mashura,712020:908fe8f9-ee75-4548-a54d-e70f424735f9,Maria Mashura,712020:908fe8f9-ee75-4548-a54d-e70f424735f9,Maria Mashura,712020:908fe8f9-ee75-4548-a54d-e70f424735f9,05/Dec/25 4:33 PM,05/Dec/25 4:33 PM,,,,0,,,Maria Mashura,712020:908fe8f9-ee75-4548-a54d-e70f424735f9,,,,,,,,,{},,0|i000cn:,CTS v 1.0,,,,,10020,SCRUM-13,Implement Raiffeisen Bank data collector,To Do,05/Dec/25 4:33 PM
Implement parser,SCRUM-57,10108,Subtask,To Do,SCRUM,CTS v1.0 - SCRUM,software,Maria Mashura,712020:908fe8f9-ee75-4548-a54d-e70f424735f9,Your first project,Medium,,Maria Mashura,712020:908fe8f9-ee75-4548-a54d-e70f424735f9,Maria Mashura,712020:908fe8f9-ee75-4548-a54d-e70f424735f9,Maria Mashura,712020:908fe8f9-ee75-4548-a54d-e70f424735f9,05/Dec/25 4:33 PM,05/Dec/25 4:33 PM,,,,0,,,Maria Mashura,712020:908fe8f9-ee75-4548-a54d-e70f424735f9,,,,,,,,,{},,0|i000cf:,CTS v 1.0,,,,,10020,SCRUM-13,Implement Raiffeisen Bank data collector,To Do,05/Dec/25 4:33 PM
Analyze rates source,SCRUM-56,10106,Subtask,To Do,SCRUM,CTS v1.0 - SCRUM,software,Maria Mashura,712020:908fe8f9-ee75-4548-a54d-e70f424735f9,Your first project,Medium,,Maria Mashura,712020:908fe8f9-ee75-4548-a54d-e70f424735f9,Maria Mashura,712020:908fe8f9-ee75-4548-a54d-e70f424735f9,Maria Mashura,712020:908fe8f9-ee75-4548-a54d-e70f424735f9,05/Dec/25 4:33 PM,05/Dec/25 4:33 PM,,,,0,,,Maria Mashura,712020:908fe8f9-ee75-4548-a54d-e70f424735f9,,,,,,,,,{},,0|i000c7:,CTS v 1.0,,,,,10020,SCRUM-13,Implement Raiffeisen Bank data collector,To Do,05/Dec/25 4:33 PM
Testing,SCRUM-55,10104,Subtask,To Do,SCRUM,CTS v1.0 - SCRUM,software,Maria Mashura,712020:908fe8f9-ee75-4548-a54d-e70f424735f9,Your first project,Medium,,Maria Mashura,712020:908fe8f9-ee75-4548-a54d-e70f424735f9,Maria Mashura,712020:908fe8f9-ee75-4548-a54d-e70f424735f9,Maria Mashura,712020:908fe8f9-ee75-4548-a54d-e70f424735f9,05/Dec/25 4:31 PM,05/Dec/25 4:31 PM,,,,0,,,Maria Mashura,712020:908fe8f9-ee75-4548-a54d-e70f424735f9,,,,,,,,,{},,0|i000bz:,CTS v 1.0,,,,,10018,SCRUM-12,Implement UkrSibbank data collector,To Do,05/Dec/25 4:31 PM
Error handling,SCRUM-54,10102,Subtask,To Do,SCRUM,CTS v1.0 - SCRUM,software,Maria Mashura,712020:908fe8f9-ee75-4548-a54d-e70f424735f9,Your first project,Medium,,Maria Mashura,712020:908fe8f9-ee75-4548-a54d-e70f424735f9,Maria Mashura,712020:908fe8f9-ee75-4548-a54d-e70f424735f9,Maria Mashura,712020:908fe8f9-ee75-4548-a54d-e70f424735f9,05/Dec/25 4:31 PM,05/Dec/25 4:31 PM,,,,0,,,Maria Mashura,712020:908fe8f9-ee75-4548-a54d-e70f424735f9,,,,,,,,,{},,0|i000br:,CTS v 1.0,,,,,10018,SCRUM-12,Implement UkrSibbank data collector,To Do,05/Dec/25 4:31 PM
Save to DB,SCRUM-53,10100,Subtask,To Do,SCRUM,CTS v1.0 - SCRUM,software,Maria Mashura,712020:908fe8f9-ee75-4548-a54d-e70f424735f9,Your first project,Medium,,Maria Mashura,712020:908fe8f9-ee75-4548-a54d-e70f424735f9,Maria Mashura,712020:908fe8f9-ee75-4548-a54d-e70f424735f9,Maria Mashura,712020:908fe8f9-ee75-4548-a54d-e70f424735f9,05/Dec/25 4:31 PM,05/Dec/25 4:31 PM,,,,0,,,Maria Mashura,712020:908fe8f9-ee75-4548-a54d-e70f424735f9,,,,,,,,,{},,0|i000bj:,CTS v 1.0,,,,,10018,SCRUM-12,Implement UkrSibbank data collector,To Do,05/Dec/25 4:31 PM
Implement parser,SCRUM-52,10098,Subtask,To Do,SCRUM,CTS v1.0 - SCRUM,software,Maria Mashura,712020:908fe8f9-ee75-4548-a54d-e70f424735f9,Your first project,Medium,,Maria Mashura,712020:908fe8f9-ee75-4548-a54d-e70f424735f9,Maria Mashura,712020:908fe8f9-ee75-4548-a54d-e70f424735f9,Maria Mashura,712020:908fe8f9-ee75-4548-a54d-e70f424735f9,05/Dec/25 4:31 PM,05/Dec/25 4:31 PM,,,,0,,,Maria Mashura,712020:908fe8f9-ee75-4548-a54d-e70f424735f9,,,,,,,,,{},,0|i000bb:,CTS v 1.0,,,,,10018,SCRUM-12,Implement UkrSibbank data collector,To Do,05/Dec/25 4:31 PM
Analyze rates source,SCRUM-51,10096,Subtask,To Do,SCRUM,CTS v1.0 - SCRUM,software,Maria Mashura,712020:908fe8f9-ee75-4548-a54d-e70f424735f9,Your first project,Medium,,Maria Mashura,712020:908fe8f9-ee75-4548-a54d-e70f424735f9,Maria Mashura,712020:908fe8f9-ee75-4548-a54d-e70f424735f9,Maria Mashura,712020:908fe8f9-ee75-4548-a54d-e70f424735f9,05/Dec/25 4:31 PM,05/Dec/25 4:31 PM,,,,0,,,Maria Mashura,712020:908fe8f9-ee75-4548-a54d-e70f424735f9,,,,,,,,,{},,0|i000b3:,CTS v 1.0,,,,,10018,SCRUM-12,Implement UkrSibbank data collector,To Do,05/Dec/25 4:31 PM
Testing,SCRUM-50,10094,Subtask,To Do,SCRUM,CTS v1.0 - SCRUM,software,Maria Mashura,712020:908fe8f9-ee75-4548-a54d-e70f424735f9,Your first project,Medium,,Maria Mashura,712020:908fe8f9-ee75-4548-a54d-e70f424735f9,Maria Mashura,712020:908fe8f9-ee75-4548-a54d-e70f424735f9,Maria Mashura,712020:908fe8f9-ee75-4548-a54d-e70f424735f9,05/Dec/25 4:30 PM,05/Dec/25 4:30 PM,,,,0,,,Maria Mashura,712020:908fe8f9-ee75-4548-a54d-e70f424735f9,,,,,,,,,{},,0|i000av:,CTS v 1.0,,,,,10016,SCRUM-11,Implement Oshchadbank data collector,To Do,05/Dec/25 4:30 PM
Error handling,SCRUM-49,10092,Subtask,To Do,SCRUM,CTS v1.0 - SCRUM,software,Maria Mashura,712020:908fe8f9-ee75-4548-a54d-e70f424735f9,Your first project,Medium,,Maria Mashura,712020:908fe8f9-ee75-4548-a54d-e70f424735f9,Maria Mashura,712020:908fe8f9-ee75-4548-a54d-e70f424735f9,Maria Mashura,712020:908fe8f9-ee75-4548-a54d-e70f424735f9,05/Dec/25 4:30 PM,05/Dec/25 4:30 PM,,,,0,,,Maria Mashura,712020:908fe8f9-ee75-4548-a54d-e70f424735f9,,,,,,,,,{},,0|i000an:,CTS v 1.0,,,,,10016,SCRUM-11,Implement Oshchadbank data collector,To Do,05/Dec/25 4:30 PM
Save to DB,SCRUM-48,10090,Subtask,To Do,SCRUM,CTS v1.0 - SCRUM,software,Maria Mashura,712020:908fe8f9-ee75-4548-a54d-e70f424735f9,Your first project,Medium,,Maria Mashura,712020:908fe8f9-ee75-4548-a54d-e70f424735f9,Maria Mashura,712020:908fe8f9-ee75-4548-a54d-e70f424735f9,Maria Mashura,712020:908fe8f9-ee75-4548-a54d-e70f424735f9,05/Dec/25 4:30 PM,05/Dec/25 4:30 PM,,,,0,,,Maria Mashura,712020:908fe8f9-ee75-4548-a54d-e70f424735f9,,,,,,,,,{},,0|i000af:,CTS v 1.0,,,,,10016,SCRUM-11,Implement Oshchadbank data collector,To Do,05/Dec/25 4:30 PM
Implement scraper/parser,SCRUM-47,10088,Subtask,To Do,SCRUM,CTS v1.0 - SCRUM,software,Maria Mashura,712020:908fe8f9-ee75-4548-a54d-e70f424735f9,Your first project,Medium,,Maria Mashura,712020:908fe8f9-ee75-4548-a54d-e70f424735f9,Maria Mashura,712020:908fe8f9-ee75-4548-a54d-e70f424735f9,Maria Mashura,712020:908fe8f9-ee75-4548-a54d-e70f424735f9,05/Dec/25 4:30 PM,05/Dec/25 4:30 PM,,,,0,,,Maria Mashura,712020:908fe8f9-ee75-4548-a54d-e70f424735f9,,,,,,,,,{},,0|i000a7:,CTS v 1.0,,,,,10016,SCRUM-11,Implement Oshchadbank data collector,To Do,05/Dec/25 4:30 PM
Analyze Oschadbank source,SCRUM-46,10086,Subtask,To Do,SCRUM,CTS v1.0 - SCRUM,software,Maria Mashura,712020:908fe8f9-ee75-4548-a54d-e70f424735f9,Your first project,Medium,,Maria Mashura,712020:908fe8f9-ee75-4548-a54d-e70f424735f9,Maria Mashura,712020:908fe8f9-ee75-4548-a54d-e70f424735f9,Maria Mashura,712020:908fe8f9-ee75-4548-a54d-e70f424735f9,05/Dec/25 4:29 PM,05/Dec/25 4:30 PM,,,,0,,,Maria Mashura,712020:908fe8f9-ee75-4548-a54d-e70f424735f9,,,,,,,,,{},,0|i0009z:,CTS v 1.0,,,,,10016,SCRUM-11,Implement Oshchadbank data collector,To Do,05/Dec/25 4:29 PM
Test parsing,SCRUM-45,10084,Subtask,To Do,SCRUM,CTS v1.0 - SCRUM,software,Maria Mashura,712020:908fe8f9-ee75-4548-a54d-e70f424735f9,Your first project,Medium,,Maria Mashura,712020:908fe8f9-ee75-4548-a54d-e70f424735f9,Maria Mashura,712020:908fe8f9-ee75-4548-a54d-e70f424735f9,Maria Mashura,712020:908fe8f9-ee75-4548-a54d-e70f424735f9,05/Dec/25 4:28 PM,05/Dec/25 4:29 PM,,,,0,,,Maria Mashura,712020:908fe8f9-ee75-4548-a54d-e70f424735f9,,,,,,,,,{},,0|i0009r:,CTS v 1.0,,,,,10014,SCRUM-10,Implement Monobank data collector,To Do,05/Dec/25 4:28 PM
Add error logs,SCRUM-44,10082,Subtask,To Do,SCRUM,CTS v1.0 - SCRUM,software,Maria Mashura,712020:908fe8f9-ee75-4548-a54d-e70f424735f9,Your first project,Medium,,Maria Mashura,712020:908fe8f9-ee75-4548-a54d-e70f424735f9,Maria Mashura,712020:908fe8f9-ee75-4548-a54d-e70f424735f9,Maria Mashura,712020:908fe8f9-ee75-4548-a54d-e70f424735f9,05/Dec/25 4:28 PM,05/Dec/25 4:29 PM,,,,0,,,Maria Mashura,712020:908fe8f9-ee75-4548-a54d-e70f424735f9,,,,,,,,,{},,0|i0009j:,CTS v 1.0,,,,,10014,SCRUM-10,Implement Monobank data collector,To Do,05/Dec/25 4:28 PM
Save data to DB,SCRUM-43,10080,Subtask,To Do,SCRUM,CTS v1.0 - SCRUM,software,Maria Mashura,712020:908fe8f9-ee75-4548-a54d-e70f424735f9,Your first project,Medium,,Maria Mashura,712020:908fe8f9-ee75-4548-a54d-e70f424735f9,Maria Mashura,712020:908fe8f9-ee75-4548-a54d-e70f424735f9,Maria Mashura,712020:908fe8f9-ee75-4548-a54d-e70f424735f9,05/Dec/25 4:28 PM,05/Dec/25 4:29 PM,,,,0,,,Maria Mashura,712020:908fe8f9-ee75-4548-a54d-e70f424735f9,,,,,,,,,{},,0|i0009b:,CTS v 1.0,,,,,10014,SCRUM-10,Implement Monobank data collector,To Do,05/Dec/25 4:28 PM
Implement parser,SCRUM-42,10078,Subtask,To Do,SCRUM,CTS v1.0 - SCRUM,software,Maria Mashura,712020:908fe8f9-ee75-4548-a54d-e70f424735f9,Your first project,Medium,,Maria Mashura,712020:908fe8f9-ee75-4548-a54d-e70f424735f9,Maria Mashura,712020:908fe8f9-ee75-4548-a54d-e70f424735f9,Maria Mashura,712020:908fe8f9-ee75-4548-a54d-e70f424735f9,05/Dec/25 4:28 PM,05/Dec/25 4:29 PM,,,,0,,,Maria Mashura,712020:908fe8f9-ee75-4548-a54d-e70f424735f9,,,,,,,,,{},,0|i00093:,CTS v 1.0,,,,,10014,SCRUM-10,Implement Monobank data collector,To Do,05/Dec/25 4:28 PM
Study Monobank API,SCRUM-41,10076,Subtask,To Do,SCRUM,CTS v1.0 - SCRUM,software,Maria Mashura,712020:908fe8f9-ee75-4548-a54d-e70f424735f9,Your first project,Medium,,Maria Mashura,712020:908fe8f9-ee75-4548-a54d-e70f424735f9,Maria Mashura,712020:908fe8f9-ee75-4548-a54d-e70f424735f9,Maria Mashura,712020:908fe8f9-ee75-4548-a54d-e70f424735f9,05/Dec/25 4:28 PM,05/Dec/25 4:29 PM,,,,0,,,Maria Mashura,712020:908fe8f9-ee75-4548-a54d-e70f424735f9,,,,,,,,,{},,0|i0008v:,CTS v 1.0,,,,,10014,SCRUM-10,Implement Monobank data collector,To Do,05/Dec/25 4:28 PM
Test parsing,SCRUM-40,10074,Subtask,To Do,SCRUM,CTS v1.0 - SCRUM,software,Maria Mashura,712020:908fe8f9-ee75-4548-a54d-e70f424735f9,Your first project,Medium,,Maria Mashura,712020:908fe8f9-ee75-4548-a54d-e70f424735f9,Maria Mashura,712020:908fe8f9-ee75-4548-a54d-e70f424735f9,Maria Mashura,712020:908fe8f9-ee75-4548-a54d-e70f424735f9,05/Dec/25 4:26 PM,05/Dec/25 4:27 PM,,,,0,,,Maria Mashura,712020:908fe8f9-ee75-4548-a54d-e70f424735f9,,,,,,,,,{},,0|i0008n:,CTS v 1.0,,,,,10012,SCRUM-9,Implement PrivatBank data collector,To Do,05/Dec/25 4:26 PM
Write error handling,SCRUM-39,10072,Subtask,To Do,SCRUM,CTS v1.0 - SCRUM,software,Maria Mashura,712020:908fe8f9-ee75-4548-a54d-e70f424735f9,Your first project,Medium,,Maria Mashura,712020:908fe8f9-ee75-4548-a54d-e70f424735f9,Maria Mashura,712020:908fe8f9-ee75-4548-a54d-e70f424735f9,Maria Mashura,712020:908fe8f9-ee75-4548-a54d-e70f424735f9,05/Dec/25 4:26 PM,05/Dec/25 4:27 PM,,,,0,,,Maria Mashura,712020:908fe8f9-ee75-4548-a54d-e70f424735f9,,,,,,,,,{},,0|i0008f:,CTS v 1.0,,,,,10012,SCRUM-9,Implement PrivatBank data collector,To Do,05/Dec/25 4:26 PM
Save data to DB,SCRUM-38,10070,Subtask,To Do,SCRUM,CTS v1.0 - SCRUM,software,Maria Mashura,712020:908fe8f9-ee75-4548-a54d-e70f424735f9,Your first project,Medium,,Maria Mashura,712020:908fe8f9-ee75-4548-a54d-e70f424735f9,Maria Mashura,712020:908fe8f9-ee75-4548-a54d-e70f424735f9,Maria Mashura,712020:908fe8f9-ee75-4548-a54d-e70f424735f9,05/Dec/25 4:26 PM,05/Dec/25 4:27 PM,,,,0,,,Maria Mashura,712020:908fe8f9-ee75-4548-a54d-e70f424735f9,,,,,,,,,{},,0|i00087:,CTS v 1.0,,,,,10012,SCRUM-9,Implement PrivatBank data collector,To Do,05/Dec/25 4:26 PM
Implement parser,SCRUM-37,10068,Subtask,To Do,SCRUM,CTS v1.0 - SCRUM,software,Maria Mashura,712020:908fe8f9-ee75-4548-a54d-e70f424735f9,Your first project,Medium,,Maria Mashura,712020:908fe8f9-ee75-4548-a54d-e70f424735f9,Maria Mashura,712020:908fe8f9-ee75-4548-a54d-e70f424735f9,Maria Mashura,712020:908fe8f9-ee75-4548-a54d-e70f424735f9,05/Dec/25 4:26 PM,05/Dec/25 4:27 PM,,,,0,,,Maria Mashura,712020:908fe8f9-ee75-4548-a54d-e70f424735f9,,,,,,,,,{},,0|i0007z:,CTS v 1.0,,,,,10012,SCRUM-9,Implement PrivatBank data collector,To Do,05/Dec/25 4:26 PM
Study PrivatBank API,SCRUM-36,10066,Subtask,To Do,SCRUM,CTS v1.0 - SCRUM,software,Maria Mashura,712020:908fe8f9-ee75-4548-a54d-e70f424735f9,Your first project,Medium,,Maria Mashura,712020:908fe8f9-ee75-4548-a54d-e70f424735f9,Maria Mashura,712020:908fe8f9-ee75-4548-a54d-e70f424735f9,Maria Mashura,712020:908fe8f9-ee75-4548-a54d-e70f424735f9,05/Dec/25 4:26 PM,05/Dec/25 4:27 PM,,,,0,,,Maria Mashura,712020:908fe8f9-ee75-4548-a54d-e70f424735f9,,,,,,,,,{},,0|i0007r:,CTS v 1.0,,,,,10012,SCRUM-9,Implement PrivatBank data collector,To Do,05/Dec/25 4:26 PM
Test database creation,SCRUM-35,10064,Subtask,To Do,SCRUM,CTS v1.0 - SCRUM,software,Maria Mashura,712020:908fe8f9-ee75-4548-a54d-e70f424735f9,Your first project,Medium,,Maria Mashura,712020:908fe8f9-ee75-4548-a54d-e70f424735f9,Maria Mashura,712020:908fe8f9-ee75-4548-a54d-e70f424735f9,Maria Mashura,712020:908fe8f9-ee75-4548-a54d-e70f424735f9,05/Dec/25 4:25 PM,05/Dec/25 4:25 PM,,,,0,,,Maria Mashura,712020:908fe8f9-ee75-4548-a54d-e70f424735f9,,,,,,,,,{},,0|i0007j:,CTS v 1.0,,,,,10010,SCRUM-8,Design database schema,To Do,05/Dec/25 4:25 PM
Create SQLite schema,SCRUM-34,10062,Subtask,To Do,SCRUM,CTS v1.0 - SCRUM,software,Maria Mashura,712020:908fe8f9-ee75-4548-a54d-e70f424735f9,Your first project,Medium,,Maria Mashura,712020:908fe8f9-ee75-4548-a54d-e70f424735f9,Maria Mashura,712020:908fe8f9-ee75-4548-a54d-e70f424735f9,Maria Mashura,712020:908fe8f9-ee75-4548-a54d-e70f424735f9,05/Dec/25 4:24 PM,05/Dec/25 4:25 PM,,,,0,,,Maria Mashura,712020:908fe8f9-ee75-4548-a54d-e70f424735f9,,,,,,,,,{},,0|i0007b:,CTS v 1.0,,,,,10010,SCRUM-8,Design database schema,To Do,05/Dec/25 4:24 PM
Define table structure,SCRUM-33,10060,Subtask,To Do,SCRUM,CTS v1.0 - SCRUM,software,Maria Mashura,712020:908fe8f9-ee75-4548-a54d-e70f424735f9,Your first project,Medium,,Maria Mashura,712020:908fe8f9-ee75-4548-a54d-e70f424735f9,Maria Mashura,712020:908fe8f9-ee75-4548-a54d-e70f424735f9,Maria Mashura,712020:908fe8f9-ee75-4548-a54d-e70f424735f9,05/Dec/25 4:24 PM,05/Dec/25 4:25 PM,,,,0,,,Maria Mashura,712020:908fe8f9-ee75-4548-a54d-e70f424735f9,,,,,,,,,{},,0|i00073:,CTS v 1.0,,,,,10010,SCRUM-8,Design database schema,To Do,05/Dec/25 4:24 PM
Portability requirements,SCRUM-32,10058,Subtask,To Do,SCRUM,CTS v1.0 - SCRUM,software,Maria Mashura,712020:908fe8f9-ee75-4548-a54d-e70f424735f9,Your first project,Medium,,Maria Mashura,712020:908fe8f9-ee75-4548-a54d-e70f424735f9,Maria Mashura,712020:908fe8f9-ee75-4548-a54d-e70f424735f9,Maria Mashura,712020:908fe8f9-ee75-4548-a54d-e70f424735f9,05/Dec/25 4:23 PM,05/Dec/25 4:23 PM,,,,0,,,Maria Mashura,712020:908fe8f9-ee75-4548-a54d-e70f424735f9,,,,,,,,,{},,0|i0006v:,CTS v 1.0,,,,,10008,SCRUM-7,Define non-functional requirements,To Do,05/Dec/25 4:23 PM
Maintainability requirements,SCRUM-31,10056,Subtask,To Do,SCRUM,CTS v1.0 - SCRUM,software,Maria Mashura,712020:908fe8f9-ee75-4548-a54d-e70f424735f9,Your first project,Medium,,Maria Mashura,712020:908fe8f9-ee75-4548-a54d-e70f424735f9,Maria Mashura,712020:908fe8f9-ee75-4548-a54d-e70f424735f9,Maria Mashura,712020:908fe8f9-ee75-4548-a54d-e70f424735f9,05/Dec/25 4:23 PM,05/Dec/25 4:23 PM,,,,0,,,Maria Mashura,712020:908fe8f9-ee75-4548-a54d-e70f424735f9,,,,,,,,,{},,0|i0006n:,CTS v 1.0,,,,,10008,SCRUM-7,Define non-functional requirements,To Do,05/Dec/25 4:23 PM
Reliability requirements,SCRUM-30,10054,Subtask,To Do,SCRUM,CTS v1.0 - SCRUM,software,Maria Mashura,712020:908fe8f9-ee75-4548-a54d-e70f424735f9,Your first project,Medium,,Maria Mashura,712020:908fe8f9-ee75-4548-a54d-e70f424735f9,Maria Mashura,712020:908fe8f9-ee75-4548-a54d-e70f424735f9,Maria Mashura,712020:908fe8f9-ee75-4548-a54d-e70f424735f9,05/Dec/25 4:22 PM,05/Dec/25 4:22 PM,,,,0,,,Maria Mashura,712020:908fe8f9-ee75-4548-a54d-e70f424735f9,,,,,,,,,{},,0|i0006f:,CTS v 1.0,,,,,10008,SCRUM-7,Define non-functional requirements,To Do,05/Dec/25 4:22 PM
Usability requirements,SCRUM-29,10052,Subtask,To Do,SCRUM,CTS v1.0 - SCRUM,software,Maria Mashura,712020:908fe8f9-ee75-4548-a54d-e70f424735f9,Your first project,Medium,,Maria Mashura,712020:908fe8f9-ee75-4548-a54d-e70f424735f9,Maria Mashura,712020:908fe8f9-ee75-4548-a54d-e70f424735f9,Maria Mashura,712020:908fe8f9-ee75-4548-a54d-e70f424735f9,05/Dec/25 4:22 PM,05/Dec/25 4:22 PM,,,,0,,,Maria Mashura,712020:908fe8f9-ee75-4548-a54d-e70f424735f9,,,,,,,,,{},,0|i00067:,CTS v 1.0,,,,,10008,SCRUM-7,Define non-functional requirements,To Do,05/Dec/25 4:22 PM
Performance requirements,SCRUM-28,10050,Subtask,To Do,SCRUM,CTS v1.0 - SCRUM,software,Maria Mashura,712020:908fe8f9-ee75-4548-a54d-e70f424735f9,Your first project,Medium,,Maria Mashura,712020:908fe8f9-ee75-4548-a54d-e70f424735f9,Maria Mashura,712020:908fe8f9-ee75-4548-a54d-e70f424735f9,Maria Mashura,712020:908fe8f9-ee75-4548-a54d-e70f424735f9,05/Dec/25 4:22 PM,05/Dec/25 4:22 PM,,,,0,,,Maria Mashura,712020:908fe8f9-ee75-4548-a54d-e70f424735f9,,,,,,,,,{},,0|i0005z:,CTS v 1.0,,,,,10008,SCRUM-7,Define non-functional requirements,To Do,05/Dec/25 4:22 PM
Write FR for frontend,SCRUM-27,10048,Subtask,To Do,SCRUM,CTS v1.0 - SCRUM,software,Maria Mashura,712020:908fe8f9-ee75-4548-a54d-e70f424735f9,Your first project,Medium,,Maria Mashura,712020:908fe8f9-ee75-4548-a54d-e70f424735f9,Maria Mashura,712020:908fe8f9-ee75-4548-a54d-e70f424735f9,Maria Mashura,712020:908fe8f9-ee75-4548-a54d-e70f424735f9,05/Dec/25 4:20 PM,05/Dec/25 4:20 PM,,,,0,,,Maria Mashura,712020:908fe8f9-ee75-4548-a54d-e70f424735f9,,,,,,,,,{},,0|i0005r:,CTS v 1.0,,,,,10006,SCRUM-6,Define functional requirements,To Do,05/Dec/25 4:20 PM
Write FR for API,SCRUM-26,10046,Subtask,To Do,SCRUM,CTS v1.0 - SCRUM,software,Maria Mashura,712020:908fe8f9-ee75-4548-a54d-e70f424735f9,Your first project,Medium,,Maria Mashura,712020:908fe8f9-ee75-4548-a54d-e70f424735f9,Maria Mashura,712020:908fe8f9-ee75-4548-a54d-e70f424735f9,Maria Mashura,712020:908fe8f9-ee75-4548-a54d-e70f424735f9,05/Dec/25 4:20 PM,05/Dec/25 4:20 PM,,,,0,,,Maria Mashura,712020:908fe8f9-ee75-4548-a54d-e70f424735f9,,,,,,,,,{},,0|i0005j:,CTS v 1.0,,,,,10006,SCRUM-6,Define functional requirements,To Do,05/Dec/25 4:20 PM
Write FR for database,SCRUM-25,10044,Subtask,To Do,SCRUM,CTS v1.0 - SCRUM,software,Maria Mashura,712020:908fe8f9-ee75-4548-a54d-e70f424735f9,Your first project,Medium,,Maria Mashura,712020:908fe8f9-ee75-4548-a54d-e70f424735f9,Maria Mashura,712020:908fe8f9-ee75-4548-a54d-e70f424735f9,Maria Mashura,712020:908fe8f9-ee75-4548-a54d-e70f424735f9,05/Dec/25 4:19 PM,05/Dec/25 4:20 PM,,,,0,,,Maria Mashura,712020:908fe8f9-ee75-4548-a54d-e70f424735f9,,,,,,,,,{},,0|i0005b:,CTS v 1.0,,,,,10006,SCRUM-6,Define functional requirements,To Do,05/Dec/25 4:19 PM
Write FR for data collection,SCRUM-24,10042,Subtask,To Do,SCRUM,CTS v1.0 - SCRUM,software,Maria Mashura,712020:908fe8f9-ee75-4548-a54d-e70f424735f9,Your first project,Medium,,Maria Mashura,712020:908fe8f9-ee75-4548-a54d-e70f424735f9,Maria Mashura,712020:908fe8f9-ee75-4548-a54d-e70f424735f9,Maria Mashura,712020:908fe8f9-ee75-4548-a54d-e70f424735f9,05/Dec/25 4:19 PM,05/Dec/25 4:20 PM,,,,0,,,Maria Mashura,712020:908fe8f9-ee75-4548-a54d-e70f424735f9,,,,,,,,,{},,0|i00053:,CTS v 1.0,,,,,10006,SCRUM-6,Define functional requirements,To Do,05/Dec/25 4:19 PM
Add error responses,SCRUM-23,10040,Subtask,To Do,SCRUM,CTS v1.0 - SCRUM,software,Maria Mashura,712020:908fe8f9-ee75-4548-a54d-e70f424735f9,Your first project,Medium,,Maria Mashura,712020:908fe8f9-ee75-4548-a54d-e70f424735f9,Maria Mashura,712020:908fe8f9-ee75-4548-a54d-e70f424735f9,Maria Mashura,712020:908fe8f9-ee75-4548-a54d-e70f424735f9,05/Dec/25 4:16 PM,05/Dec/25 4:36 PM,,,,0,,,Maria Mashura,712020:908fe8f9-ee75-4548-a54d-e70f424735f9,,,,,,,,,{},,0|i0004v:,CTS v 1.0,,,,,10024,SCRUM-15,Develop API endpoints,To Do,05/Dec/25 4:16 PM
Create /rates/{bank} endpoint,SCRUM-21,10036,Subtask,To Do,SCRUM,CTS v1.0 - SCRUM,software,Maria Mashura,712020:908fe8f9-ee75-4548-a54d-e70f424735f9,Your first project,Medium,,Maria Mashura,712020:908fe8f9-ee75-4548-a54d-e70f424735f9,Maria Mashura,712020:908fe8f9-ee75-4548-a54d-e70f424735f9,Maria Mashura,712020:908fe8f9-ee75-4548-a54d-e70f424735f9,05/Dec/25 4:15 PM,05/Dec/25 4:36 PM,,,,0,,,Maria Mashura,712020:908fe8f9-ee75-4548-a54d-e70f424735f9,,,,,,,,,{},,0|i0004f:,CTS v 1.0,,,,,10024,SCRUM-15,Develop API endpoints,To Do,05/Dec/25 4:15 PM
Create /rates/latest endpoint,SCRUM-20,10034,Subtask,To Do,SCRUM,CTS v1.0 - SCRUM,software,Maria Mashura,712020:908fe8f9-ee75-4548-a54d-e70f424735f9,Your first project,Medium,,Maria Mashura,712020:908fe8f9-ee75-4548-a54d-e70f424735f9,Maria Mashura,712020:908fe8f9-ee75-4548-a54d-e70f424735f9,Maria Mashura,712020:908fe8f9-ee75-4548-a54d-e70f424735f9,05/Dec/25 4:15 PM,05/Dec/25 4:36 PM,,,,0,,,Maria Mashura,712020:908fe8f9-ee75-4548-a54d-e70f424735f9,,,,,,,,,{},,0|i00047:,CTS v 1.0,,,,,10024,SCRUM-15,Develop API endpoints,To Do,05/Dec/25 4:15 PM
Documentation and release,SCRUM-19,10032,Story,To Do,SCRUM,CTS v1.0 - SCRUM,software,Maria Mashura,712020:908fe8f9-ee75-4548-a54d-e70f424735f9,Your first project,Medium,,Maria Mashura,712020:908fe8f9-ee75-4548-a54d-e70f424735f9,Maria Mashura,712020:908fe8f9-ee75-4548-a54d-e70f424735f9,Maria Mashura,712020:908fe8f9-ee75-4548-a54d-e70f424735f9,05/Dec/25 3:57 PM,05/Dec/25 4:47 PM,05/Dec/25 4:42 PM,,,0,"Prepare README, diagrams, installation guide, and final release notes.",,,,,,,,,,,,{},,0|i0003z:,CTS v 1.0,05/Dec/25 12:00 AM,3.0,,,10004,SCRUM-5,Currency Tracking Service,To Do,05/Dec/25 3:57 PM
Testing,SCRUM-18,10030,Story,To Do,SCRUM,CTS v1.0 - SCRUM,software,Maria Mashura,712020:908fe8f9-ee75-4548-a54d-e70f424735f9,Your first project,Medium,,Maria Mashura,712020:908fe8f9-ee75-4548-a54d-e70f424735f9,Maria Mashura,712020:908fe8f9-ee75-4548-a54d-e70f424735f9,Maria Mashura,712020:908fe8f9-ee75-4548-a54d-e70f424735f9,05/Dec/25 3:56 PM,05/Dec/25 4:47 PM,05/Dec/25 4:41 PM,,,0,"Create test cases and test backend, frontend, and parsing logic.",,,,,,,,,,,,{},,0|i0003r:,CTS v 1.0,05/Dec/25 12:00 AM,5.0,,,10004,SCRUM-5,Currency Tracking Service,To Do,05/Dec/25 3:56 PM
Implement error handling,SCRUM-17,10028,Story,To Do,SCRUM,CTS v1.0 - SCRUM,software,Maria Mashura,712020:908fe8f9-ee75-4548-a54d-e70f424735f9,Your first project,Medium,,Maria Mashura,712020:908fe8f9-ee75-4548-a54d-e70f424735f9,Maria Mashura,712020:908fe8f9-ee75-4548-a54d-e70f424735f9,Maria Mashura,712020:908fe8f9-ee75-4548-a54d-e70f424735f9,05/Dec/25 3:56 PM,05/Dec/25 4:47 PM,05/Dec/25 4:39 PM,,,0,"Log errors, handle missing data, API downtime, and unexpected responses.",,,,,,,,,,,,{},,0|i0003j:,CTS v 1.0,05/Dec/25 12:00 AM,3.0,,,10004,SCRUM-5,Currency Tracking Service,To Do,05/Dec/25 3:56 PM
Develop frontend UI,SCRUM-16,10026,Story,To Do,SCRUM,CTS v1.0 - SCRUM,software,Maria Mashura,712020:908fe8f9-ee75-4548-a54d-e70f424735f9,Your first project,High,,Maria Mashura,712020:908fe8f9-ee75-4548-a54d-e70f424735f9,Maria Mashura,712020:908fe8f9-ee75-4548-a54d-e70f424735f9,Maria Mashura,712020:908fe8f9-ee75-4548-a54d-e70f424735f9,05/Dec/25 3:56 PM,05/Dec/25 4:47 PM,05/Dec/25 4:37 PM,,,0,"Create a modern one-page interface with a currency rates table using HTML, JS, Tailwind.",,,,,,,,,,,,{},,0|i0003b:,CTS v 1.0,05/Dec/25 12:00 AM,8.0,,,10004,SCRUM-5,Currency Tracking Service,To Do,05/Dec/25 3:56 PM
Develop API endpoints,SCRUM-15,10024,Story,To Do,SCRUM,CTS v1.0 - SCRUM,software,Maria Mashura,712020:908fe8f9-ee75-4548-a54d-e70f424735f9,Your first project,High,,Maria Mashura,712020:908fe8f9-ee75-4548-a54d-e70f424735f9,Maria Mashura,712020:908fe8f9-ee75-4548-a54d-e70f424735f9,Maria Mashura,712020:908fe8f9-ee75-4548-a54d-e70f424735f9,05/Dec/25 3:55 PM,05/Dec/25 4:47 PM,05/Dec/25 4:37 PM,,,0,Create FastAPI endpoints: /rates/latest and /rates/{bank}.,,,,,,,,,,,,{},,0|i00033:,CTS v 1.0,05/Dec/25 12:00 AM,5.0,,,10004,SCRUM-5,Currency Tracking Service,To Do,05/Dec/25 3:55 PM
Implement scheduler,SCRUM-14,10022,Story,To Do,SCRUM,CTS v1.0 - SCRUM,software,Maria Mashura,712020:908fe8f9-ee75-4548-a54d-e70f424735f9,Your first project,Medium,,,,Maria Mashura,712020:908fe8f9-ee75-4548-a54d-e70f424735f9,Maria Mashura,712020:908fe8f9-ee75-4548-a54d-e70f424735f9,05/Dec/25 3:55 PM,05/Dec/25 4:47 PM,05/Dec/25 4:52 PM,,,0,Set up APScheduler to collect data once per day automatically.,,,,,,,,,,,,{},,0|i0000z:,CTS v 1.0,05/Dec/25 12:00 AM,3.0,,,10004,SCRUM-5,Currency Tracking Service,To Do,05/Dec/25 3:55 PM
Implement Raiffeisen Bank data collector,SCRUM-13,10020,Story,To Do,SCRUM,CTS v1.0 - SCRUM,software,Maria Mashura,712020:908fe8f9-ee75-4548-a54d-e70f424735f9,Your first project,Low,,Maria Mashura,712020:908fe8f9-ee75-4548-a54d-e70f424735f9,Maria Mashura,712020:908fe8f9-ee75-4548-a54d-e70f424735f9,Maria Mashura,712020:908fe8f9-ee75-4548-a54d-e70f424735f9,05/Dec/25 3:55 PM,05/Dec/25 4:47 PM,05/Dec/25 4:32 PM,,,0,Develop parser for Raiffeisen currency rates and integrate into data pipeline.,,,,,,,,,,,,{},,0|i0002n:,CTS v 1.0,05/Dec/25 12:00 AM,5.0,,,10004,SCRUM-5,Currency Tracking Service,To Do,05/Dec/25 3:55 PM
Implement UkrSibbank data collector,SCRUM-12,10018,Story,To Do,SCRUM,CTS v1.0 - SCRUM,software,Maria Mashura,712020:908fe8f9-ee75-4548-a54d-e70f424735f9,Your first project,Low,,Maria Mashura,712020:908fe8f9-ee75-4548-a54d-e70f424735f9,Maria Mashura,712020:908fe8f9-ee75-4548-a54d-e70f424735f9,Maria Mashura,712020:908fe8f9-ee75-4548-a54d-e70f424735f9,05/Dec/25 3:54 PM,05/Dec/25 4:47 PM,05/Dec/25 4:30 PM,,,0,Develop parser for UkrSibbank currency rates and integrate into data pipeline.,,,,,,,,,,,,{},,0|i0002f:,CTS v 1.0,05/Dec/25 12:00 AM,5.0,,,10004,SCRUM-5,Currency Tracking Service,To Do,05/Dec/25 3:54 PM
Implement Oshchadbank data collector,SCRUM-11,10016,Story,To Do,SCRUM,CTS v1.0 - SCRUM,software,Maria Mashura,712020:908fe8f9-ee75-4548-a54d-e70f424735f9,Your first project,Medium,,Maria Mashura,712020:908fe8f9-ee75-4548-a54d-e70f424735f9,Maria Mashura,712020:908fe8f9-ee75-4548-a54d-e70f424735f9,Maria Mashura,712020:908fe8f9-ee75-4548-a54d-e70f424735f9,05/Dec/25 3:54 PM,05/Dec/25 4:47 PM,05/Dec/25 4:29 PM,,,0,Develop parser for Oshchadbank currency rates and integrate into data pipeline.,,,,,,,,,,,,{},,0|i00027:,CTS v 1.0,05/Dec/25 12:00 AM,5.0,,,10004,SCRUM-5,Currency Tracking Service,To Do,05/Dec/25 3:54 PM
Implement Monobank data collector,SCRUM-10,10014,Story,To Do,SCRUM,CTS v1.0 - SCRUM,software,Maria Mashura,712020:908fe8f9-ee75-4548-a54d-e70f424735f9,Your first project,Medium,,Maria Mashura,712020:908fe8f9-ee75-4548-a54d-e70f424735f9,Maria Mashura,712020:908fe8f9-ee75-4548-a54d-e70f424735f9,Maria Mashura,712020:908fe8f9-ee75-4548-a54d-e70f424735f9,05/Dec/25 3:54 PM,05/Dec/25 4:47 PM,05/Dec/25 4:29 PM,,,0,Write Python parser for Monobank API and save collected rates to database.,,,,,,,,,,,,{},,0|i0001z:,CTS v 1.0,05/Dec/25 12:00 AM,5.0,,,10004,SCRUM-5,Currency Tracking Service,To Do,05/Dec/25 3:54 PM
Implement PrivatBank data collector,SCRUM-9,10012,Story,To Do,SCRUM,CTS v1.0 - SCRUM,software,Maria Mashura,712020:908fe8f9-ee75-4548-a54d-e70f424735f9,Your first project,High,,Maria Mashura,712020:908fe8f9-ee75-4548-a54d-e70f424735f9,Maria Mashura,712020:908fe8f9-ee75-4548-a54d-e70f424735f9,Maria Mashura,712020:908fe8f9-ee75-4548-a54d-e70f424735f9,05/Dec/25 3:53 PM,05/Dec/25 4:47 PM,05/Dec/25 4:25 PM,,,0,Write Python parser for PrivatBank API and save collected rates to database.,,,,,,,,,,,,{},,0|i0001r:,CTS v 1.0,05/Dec/25 12:00 AM,5.0,,,10004,SCRUM-5,Currency Tracking Service,To Do,05/Dec/25 3:53 PM
Design database schema,SCRUM-8,10010,Story,To Do,SCRUM,CTS v1.0 - SCRUM,software,Maria Mashura,712020:908fe8f9-ee75-4548-a54d-e70f424735f9,Your first project,Medium,,Maria Mashura,712020:908fe8f9-ee75-4548-a54d-e70f424735f9,Maria Mashura,712020:908fe8f9-ee75-4548-a54d-e70f424735f9,Maria Mashura,712020:908fe8f9-ee75-4548-a54d-e70f424735f9,05/Dec/25 3:53 PM,05/Dec/25 4:47 PM,05/Dec/25 4:23 PM,,,0,Create SQLite database schema with exchange_rates table for storing bank rates.,,,,,,,,,,,,{},,0|i0001j:,CTS v 1.0,05/Dec/25 12:00 AM,3.0,,,10004,SCRUM-5,Currency Tracking Service,To Do,05/Dec/25 3:53 PM
Define non-functional requirements,SCRUM-7,10008,Story,To Do,SCRUM,CTS v1.0 - SCRUM,software,Maria Mashura,712020:908fe8f9-ee75-4548-a54d-e70f424735f9,Your first project,Medium,,Maria Mashura,712020:908fe8f9-ee75-4548-a54d-e70f424735f9,Maria Mashura,712020:908fe8f9-ee75-4548-a54d-e70f424735f9,Maria Mashura,712020:908fe8f9-ee75-4548-a54d-e70f424735f9,05/Dec/25 3:52 PM,05/Dec/25 4:47 PM,05/Dec/25 4:21 PM,,,0,"Document performance, usability, reliability, maintainability, and portability requirements.",,,,,,,,,,,,{},,0|i0001b:,CTS v 1.0,05/Dec/25 12:00 AM,2.0,,,10004,SCRUM-5,Currency Tracking Service,To Do,05/Dec/25 3:52 PM
Define functional requirements,SCRUM-6,10006,Story,To Do,SCRUM,CTS v1.0 - SCRUM,software,Maria Mashura,712020:908fe8f9-ee75-4548-a54d-e70f424735f9,Your first project,Medium,,Maria Mashura,712020:908fe8f9-ee75-4548-a54d-e70f424735f9,Maria Mashura,712020:908fe8f9-ee75-4548-a54d-e70f424735f9,Maria Mashura,712020:908fe8f9-ee75-4548-a54d-e70f424735f9,05/Dec/25 3:51 PM,05/Dec/25 4:47 PM,05/Dec/25 4:18 PM,,,0,Create a full list of functional requirements for the currency tracking system.,,,,,,,,,,,,{},,0|i00013:,CTS v 1.0,05/Dec/25 12:00 AM,3.0,,,10004,SCRUM-5,Currency Tracking Service,To Do,05/Dec/25 3:51 PM
Currency Tracking Service,SCRUM-5,10004,Epic,To Do,SCRUM,CTS v1.0 - SCRUM,software,Maria Mashura,712020:908fe8f9-ee75-4548-a54d-e70f424735f9,Your first project,Medium,,,,Maria Mashura,712020:908fe8f9-ee75-4548-a54d-e70f424735f9,Maria Mashura,712020:908fe8f9-ee75-4548-a54d-e70f424735f9,05/Dec/25 11:56 AM,05/Dec/25 11:56 AM,05/Dec/25 12:09 PM,,,0,"A lightweight system for collecting daily exchange rates from 5 Ukrainian banks, storing the data in a local database, and displaying it on a modern, clean one-page website.",,,,,,,,,,,,{},purple,0|i0000v:,,05/Dec/25 12:00 AM,,,,,,,To Do,05/Dec/25 11:56 AM
